Type,Name,Request Count,Failure Count,Median Response Time,Average Response Time,Min Response Time,Max Response Time,Average Content Size,Requests/s,Failures/s,50%,66%,75%,80%,90%,95%,98%,99%,99.9%,99.99%,100%
GET,tile,2702,0,190.0,203.05684942298836,134.17068200215,2867.222397006117,2065.4533678756475,78.94058114025196,0.0,190,200,210,210,220,270,300,330,2700,2900,2900
,Aggregated,2702,0,190.0,203.05684942298836,134.17068200215,2867.222397006117,2065.4533678756475,78.94058114025196,0.0,190,200,210,210,220,270,300,330,2700,2900,2900
