Type,Name,Request Count,Failure Count,Median Response Time,Average Response Time,Min Response Time,Max Response Time,Average Content Size,Requests/s,Failures/s,50%,66%,75%,80%,90%,95%,98%,99%,99.9%,99.99%,100%
GET,timeseries_point,750,1,640.0,689.0866842840236,133.49408899375703,6511.622587997408,3119.268,22.306192594080958,0.029741590125441274,640,800,880,970,1200,1300,1500,1600,6500,6500,6500
,Aggregated,750,1,640.0,689.0866842840236,133.49408899375703,6511.622587997408,3119.268,22.306192594080958,0.029741590125441274,640,800,880,970,1200,1300,1500,1600,6500,6500,6500
