Type,Name,Request Count,Failure Count,Median Response Time,Average Response Time,Min Response Time,Max Response Time,Average Content Size,Requests/s,Failures/s,50%,66%,75%,80%,90%,95%,98%,99%,99.9%,99.99%,100%
GET,timeseries_polygon,70,3,2100.0,5260.045290071035,525.415691001399,17433.519790996797,6150.9,2.288165881327553,0.09806425205689512,2200,3400,4700,14000,16000,16000,17000,17000,17000,17000,17000
,Aggregated,70,3,2100.0,5260.045290071035,525.415691001399,17433.519790996797,6150.9,2.288165881327553,0.09806425205689512,2200,3400,4700,14000,16000,16000,17000,17000,17000,17000,17000
