Type,Name,Request Count,Failure Count,Median Response Time,Average Response Time,Min Response Time,Max Response Time,Average Content Size,Requests/s,Failures/s,50%,66%,75%,80%,90%,95%,98%,99%,99.9%,99.99%,100%
GET,tile,48,0,410.0,417.9888573750456,341.19792099954793,573.2117420011491,11265.479166666666,8.03711900035757,0.0,410,430,450,470,530,550,570,570,570,570,570
,Aggregated,48,0,410.0,417.9888573750456,341.19792099954793,573.2117420011491,11265.479166666666,8.03711900035757,0.0,410,430,450,470,530,550,570,570,570,570,570
