Type,Name,Request Count,Failure Count,Median Response Time,Average Response Time,Min Response Time,Max Response Time,Average Content Size,Requests/s,Failures/s,50%,66%,75%,80%,90%,95%,98%,99%,99.9%,99.99%,100%
GET,tile,447,0,1200.0,1194.8213186195924,318.8434490002692,2464.908531997935,10858.744966442953,13.161744407239008,0.0,1200,1400,1600,1700,1900,2000,2100,2100,2500,2500,2500
,Aggregated,447,0,1200.0,1194.8213186195924,318.8434490002692,2464.908531997935,10858.744966442953,13.161744407239008,0.0,1200,1400,1600,1700,1900,2000,2100,2100,2500,2500,2500
