Type,Name,Request Count,Failure Count,Median Response Time,Average Response Time,Min Response Time,Max Response Time,Average Content Size,Requests/s,Failures/s,50%,66%,75%,80%,90%,95%,98%,99%,99.9%,99.99%,100%
GET,timeseries_point,31,0,520.0,541.4646297736439,196.8984159975662,1051.4041659989743,13370.967741935483,5.353645192041008,0.0,520,620,660,660,930,1000,1100,1100,1100,1100,1100
,Aggregated,31,0,520.0,541.4646297736439,196.8984159975662,1051.4041659989743,13370.967741935483,5.353645192041008,0.0,520,620,660,660,930,1000,1100,1100,1100,1100,1100
