Type,Name,Request Count,Failure Count,Median Response Time,Average Response Time,Min Response Time,Max Response Time,Average Content Size,Requests/s,Failures/s,50%,66%,75%,80%,90%,95%,98%,99%,99.9%,99.99%,100%
GET,timeseries_point,20,0,1000.0,1225.6054224002582,304.328546000761,2794.0680910032825,13432.2,2.876599795484052,0.0,1000,1600,2200,2300,2500,2800,2800,2800,2800,2800,2800
,Aggregated,20,0,1000.0,1225.6054224002582,304.328546000761,2794.0680910032825,13432.2,2.876599795484052,0.0,1000,1600,2200,2300,2500,2800,2800,2800,2800,2800,2800
