Type,Name,Request Count,Failure Count,Median Response Time,Average Response Time,Min Response Time,Max Response Time,Average Content Size,Requests/s,Failures/s,50%,66%,75%,80%,90%,95%,98%,99%,99.9%,99.99%,100%
GET,tile,103,0,4200.0,4348.853249271661,408.64696799690137,8277.333285994246,8779.893203883496,3.0318429353320178,0.0,4200,5700,6600,7000,7600,8100,8200,8300,8300,8300,8300
,Aggregated,103,0,4200.0,4348.853249271661,408.64696799690137,8277.333285994246,8779.893203883496,3.0318429353320178,0.0,4200,5700,6600,7000,7600,8100,8200,8300,8300,8300,8300
