Type,Name,Request Count,Failure Count,Median Response Time,Average Response Time,Min Response Time,Max Response Time,Average Content Size,Requests/s,Failures/s,50%,66%,75%,80%,90%,95%,98%,99%,99.9%,99.99%,100%
GET,tile,31,0,1600.0,1570.1095447101022,375.78931100142654,2754.699449000327,10793.0,2.87806441209468,0.0,1600,1900,2200,2300,2700,2700,2800,2800,2800,2800,2800
,Aggregated,31,0,1600.0,1570.1095447101022,375.78931100142654,2754.699449000327,10793.0,2.87806441209468,0.0,1600,1900,2200,2300,2700,2700,2800,2800,2800,2800,2800
